<environmentvariabledefinition schemaname="vpr_sharepointsite">
  <apiid>/providers/microsoft.powerapps/apis/shared_sharepointonline</apiid>
  <description default="Enter your sharepoint site.">
    <label description="Enter your sharepoint site." languagecode="1033" />
  </description>
  <displayname default="sharepointsite">
    <label description="sharepointsite" languagecode="1033" />
  </displayname>
  <introducedversion>1.0.0.6</introducedversion>
  <iscustomizable>1</iscustomizable>
  <isrequired>0</isrequired>
  <parameterkey>dataset</parameterkey>
  <secretstore>0</secretstore>
  <type>100000004</type>
</environmentvariabledefinition>