<environmentvariabledefinition schemaname="vpr_openAImodelname">
  <description default="Please enter your deployment name.">
    <label description="Please enter your deployment name." languagecode="1033" />
  </description>
  <displayname default="openAI-modelname">
    <label description="openAI-modelname" languagecode="1033" />
  </displayname>
  <introducedversion>1.0.0.6</introducedversion>
  <iscustomizable>1</iscustomizable>
  <isrequired>0</isrequired>
  <secretstore>0</secretstore>
  <type>100000000</type>
</environmentvariabledefinition>