<environmentvariabledefinition schemaname="vpr_openAIkey">
  <description default="Please enter your openAI key.">
    <label description="Please enter your openAI key." languagecode="1033" />
  </description>
  <displayname default="openAI-key">
    <label description="openAI-key" languagecode="1033" />
  </displayname>
  <introducedversion>1.0.0.6</introducedversion>
  <iscustomizable>1</iscustomizable>
  <isrequired>0</isrequired>
  <secretstore>0</secretstore>
  <type>100000000</type>
</environmentvariabledefinition>