<environmentvariabledefinition schemaname="vpr_sharepointfolderaddress">
  <description default="Please enter your sharepoint folder address">
    <label description="Please enter your sharepoint folder address" languagecode="1033" />
  </description>
  <displayname default="sharepointfolderaddress">
    <label description="sharepointfolderaddress" languagecode="1033" />
  </displayname>
  <introducedversion>1.0.0.6</introducedversion>
  <iscustomizable>1</iscustomizable>
  <isrequired>0</isrequired>
  <secretstore>0</secretstore>
  <type>100000000</type>
</environmentvariabledefinition>