<environmentvariabledefinition schemaname="vpr_openAIendpoint">
  <description default="Please enter your OpenAI endpoint.">
    <label description="Please enter your OpenAI endpoint." languagecode="1033" />
  </description>
  <displayname default="openAI-endpoint">
    <label description="openAI-endpoint" languagecode="1033" />
  </displayname>
  <introducedversion>1.0.0.6</introducedversion>
  <iscustomizable>1</iscustomizable>
  <isrequired>0</isrequired>
  <secretstore>0</secretstore>
  <type>100000000</type>
</environmentvariabledefinition>